Date,Date Processed,Description,Card Member,Account #,Amount,Flexible,Foreign Spend Amount,Commission,Exchange Rate,Additional Information,Merchant,Address,City / Province,Postal Code,Country,Reference
02 Mar 2026,03 Mar 2026,CAFE DEPOT MONTREAL,J SAMPLE,-51009,18.75,,,,,,CAFE DEPOT MONTREAL STORE #4421,"100 GENERIC STREET
SUITE 4","MONTREAL
QC",H3B1H6,CANADA,"'320260610123456"
04 Mar 2026,05 Mar 2026,INDIGO BOOKS 0921 TORONTO,J SAMPLE,-51009,44.20,,,,,,INDIGO BOOKS 0921 STORE,"220 YONGE STREET","TORONTO
ON",M5B2H1,CANADA,"'320260610123457"
06 Mar 2026,07 Mar 2026,AMEX PAYMENT RECEIVED - THANK YOU,J SAMPLE,-51009,-350.00,,,,,,PAYMENT RECEIVED,,,,CANADA,"'320260610123458"
07 Mar 2026,08 Mar 2026,PRESTO FARE TORONTO,J SAMPLE,-51009,6.60,,,,,,PRESTO FARE STORE,"1 BAY STREET","TORONTO
ON",M5J2R8,CANADA,"'320260610123459"
09 Mar 2026,10 Mar 2026,UNIQLO CANADA TORONTO,J SAMPLE,-51009,-59.99,,,,,,UNIQLO CANADA STORE,"220 YONGE STREET","TORONTO
ON",M5B2H1,CANADA,"'320260610123460"
11 Mar 2026,12 Mar 2026,GROCERY MART OTTAWA,J SAMPLE,-51009,27.45,,,,,,GROCERY MART OTTAWA STORE,"500 GENERIC AVE","OTTAWA
ON",K1A0B1,CANADA,"'320260610123461"
